CustomerID,Future_purchase
12347.0,1
12348.0,0
12349.0,1
12350.0,0
12352.0,1
12353.0,0
12354.0,0
12355.0,0
12356.0,1
12357.0,1
12358.0,1
12359.0,1
12360.0,1
12361.0,0
12362.0,1
12363.0,0
12364.0,1
12365.0,0
12367.0,1
12370.0,0
12371.0,1
12372.0,0
12373.0,0
12374.0,1
12375.0,1
12377.0,0
12378.0,0
12379.0,0
12380.0,1
12381.0,1
12383.0,0
12384.0,1
12386.0,0
12388.0,1
12390.0,0
12391.0,1
12393.0,0
12394.0,0
12395.0,1
12397.0,1
12398.0,0
12399.0,0
12401.0,0
12402.0,0
12403.0,0
12405.0,0
12406.0,1
12407.0,0
12408.0,1
12409.0,0
12410.0,0
12412.0,0
12413.0,0
12414.0,0
12415.0,1
12417.0,1
12418.0,0
12420.0,0
12421.0,1
12422.0,0
12423.0,1
12424.0,0
12425.0,0
12426.0,0
12427.0,1
12428.0,1
12429.0,1
12430.0,1
12431.0,0
12432.0,1
12433.0,1
12434.0,0
12435.0,0
12436.0,0
12437.0,1
12438.0,1
12442.0,1
12444.0,1
12445.0,1
12446.0,0
12447.0,0
12448.0,1
12449.0,1
12450.0,0
12451.0,1
12452.0,1
12453.0,0
12454.0,0
12455.0,0
12456.0,1
12457.0,0
12458.0,0
12461.0,0
12462.0,1
12463.0,1
12464.0,1
12465.0,1
12468.0,0
12471.0,1
12472.0,1
12473.0,1
12474.0,1
12475.0,1
12476.0,1
12477.0,1
12478.0,1
12479.0,1
12480.0,1
12481.0,1
12483.0,1
12484.0,1
12488.0,1
12489.0,0
12490.0,1
12491.0,1
12492.0,0
12493.0,0
12494.0,1
12497.0,0
12498.0,1
12500.0,1
12501.0,0
12502.0,0
12503.0,0
12504.0,1
12505.0,0
12506.0,0
12507.0,0
12508.0,1
12509.0,0
12510.0,0
12512.0,0
12513.0,0
12514.0,0
12516.0,0
12517.0,1
12518.0,1
12519.0,0
12520.0,0
12521.0,0
12522.0,1
12523.0,1
12524.0,1
12526.0,1
12527.0,0
12528.0,1
12530.0,0
12531.0,1
12532.0,1
12534.0,0
12535.0,0
12536.0,1
12538.0,1
12539.0,1
12540.0,1
12541.0,1
12544.0,1
12545.0,0
12546.0,1
12547.0,0
12548.0,0
12550.0,0
12552.0,1
12553.0,1
12556.0,1
12557.0,1
12558.0,1
12559.0,0
12560.0,1
12561.0,0
12562.0,1
12564.0,0
12565.0,0
12566.0,0
12567.0,1
12569.0,1
12571.0,0
12572.0,1
12573.0,0
12574.0,0
12576.0,1
12577.0,1
12578.0,1
12579.0,0
12580.0,0
12581.0,1
12582.0,0
12583.0,1
12584.0,1
12585.0,0
12586.0,1
12587.0,1
12588.0,0
12589.0,0
12590.0,0
12591.0,0
12592.0,0
12593.0,0
12594.0,1
12596.0,0
12597.0,1
12598.0,1
12599.0,1
12600.0,1
12601.0,0
12602.0,0
12603.0,1
12604.0,0
12607.0,0
12609.0,0
12610.0,1
12611.0,0
12612.0,0
12613.0,1
12614.0,0
12615.0,1
12616.0,0
12617.0,1
12618.0,1
12619.0,1
12620.0,1
12621.0,1
12622.0,0
12623.0,0
12624.0,0
12625.0,0
12626.0,1
12627.0,1
12628.0,1
12630.0,1
12631.0,0
12633.0,1
12635.0,0
12637.0,0
12638.0,1
12639.0,0
12640.0,1
12641.0,0
12642.0,1
12643.0,0
12644.0,0
12645.0,1
12646.0,1
12647.0,1
12648.0,0
12649.0,0
12650.0,1
12651.0,0
12652.0,0
12653.0,0
12654.0,1
12656.0,1
12657.0,1
12658.0,1
12659.0,1
12660.0,1
12662.0,1
12664.0,1
12665.0,0
12667.0,0
12668.0,1
12669.0,0
12670.0,1
12672.0,0
12673.0,1
12674.0,1
12676.0,1
12678.0,1
12679.0,1
12680.0,1
12681.0,1
12682.0,1
12683.0,1
12684.0,1
12685.0,1
12688.0,0
12689.0,1
12690.0,0
12691.0,1
12693.0,0
12694.0,0
12695.0,1
12697.0,1
12700.0,1
12701.0,0
12702.0,1
12703.0,0
12704.0,1
12705.0,1
12707.0,0
12708.0,1
12709.0,1
12710.0,0
12712.0,1
12713.0,1
12714.0,1
12715.0,0
12716.0,1
12717.0,0
12718.0,0
12719.0,1
12720.0,1
12721.0,1
12722.0,0
12723.0,1
12724.0,1
12726.0,1
12727.0,1
12728.0,0
12729.0,0
12731.0,1
12732.0,0
12733.0,0
12735.0,0
12736.0,0
12739.0,0
12740.0,0
12743.0,0
12744.0,1
12747.0,1
12748.0,1
12749.0,1
12750.0,0
12752.0,0
12753.0,1
12754.0,0
12755.0,0
12756.0,0
12757.0,1
12758.0,0
12759.0,0
12762.0,1
12763.0,0
12764.0,0
12766.0,1
12769.0,0
12770.0,0
12772.0,0
12775.0,1
12778.0,1
12779.0,1
12781.0,1
12782.0,1
12783.0,1
12784.0,1
12785.0,1
12787.0,1
12789.0,1
12790.0,0
12792.0,0
12793.0,0
12794.0,0
12795.0,1
12798.0,0
12802.0,0
12808.0,1
12809.0,0
12811.0,0
12812.0,1
12814.0,0
12815.0,0
12816.0,0
12817.0,0
12818.0,0
12820.0,1
12821.0,0
12822.0,0
12823.0,0
12824.0,0
12826.0,1
12827.0,1
12828.0,1
12829.0,0
12830.0,0
12831.0,0
12832.0,1
12833.0,0
12834.0,0
12836.0,0
12837.0,0
12838.0,0
12839.0,1
12840.0,0
12841.0,1
12842.0,0
12843.0,0
12844.0,1
12845.0,0
12847.0,1
12849.0,1
12851.0,0
12852.0,0
12853.0,0
12854.0,0
12856.0,1
12857.0,0
12863.0,1
12864.0,0
12865.0,1
12866.0,0
12867.0,1
12868.0,0
12871.0,0
12872.0,0
12873.0,0
12876.0,1
12877.0,1
12878.0,1
12879.0,1
12881.0,0
12882.0,1
12883.0,1
12884.0,0
12885.0,0
12886.0,0
12888.0,0
12890.0,1
12893.0,1
12895.0,0
12897.0,0
12901.0,1
12902.0,0
12904.0,1
12906.0,1
12909.0,1
12910.0,1
12912.0,1
12913.0,1
12915.0,0
12916.0,0
12917.0,0
12919.0,1
12920.0,1
12921.0,1
12922.0,0
12923.0,0
12924.0,0
12925.0,1
12928.0,1
12929.0,0
12930.0,0
12931.0,0
12933.0,1
12935.0,1
12936.0,1
12937.0,1
12938.0,1
12939.0,1
12940.0,1
12942.0,0
12943.0,0
12944.0,1
12945.0,0
12947.0,0
12948.0,1
12949.0,1
12950.0,1
12951.0,1
12952.0,1
12953.0,1
12955.0,1
12956.0,0
12957.0,1
12962.0,1
12963.0,1
12965.0,0
12966.0,1
12967.0,1
12968.0,0
12970.0,1
12971.0,1
12974.0,0
12976.0,0
12977.0,0
12980.0,0
12981.0,1
12982.0,0
12984.0,1
12985.0,1
12987.0,0
12988.0,0
12989.0,1
12990.0,1
12991.0,1
12993.0,1
12994.0,1
12995.0,0
12997.0,1
12999.0,0
13000.0,0
13001.0,1
13002.0,0
13003.0,0
13004.0,1
13005.0,0
13006.0,1
13008.0,0
13012.0,1
13013.0,1
13014.0,1
13015.0,1
13016.0,0
13017.0,1
13018.0,1
13021.0,1
13023.0,0
13026.0,1
13028.0,1
13029.0,1
13030.0,1
13032.0,1
13034.0,0
13035.0,0
13037.0,0
13038.0,0
13040.0,1
13043.0,0
13044.0,0
13045.0,0
13046.0,1
13047.0,1
13048.0,1
13049.0,0
13050.0,1
13052.0,0
13055.0,0
13058.0,1
13059.0,0
13060.0,0
13061.0,0
13062.0,0
13064.0,1
13066.0,1
13067.0,0
13069.0,1
13070.0,0
13072.0,0
13075.0,0
13077.0,1
13078.0,1
13079.0,1
13080.0,0
13081.0,1
13082.0,0
13083.0,1
13085.0,0
13089.0,1
13090.0,1
13091.0,1
13092.0,0
13093.0,0
13094.0,1
13095.0,0
13097.0,1
13098.0,1
13101.0,0
13102.0,1
13103.0,1
13104.0,1
13106.0,0
13107.0,0
13109.0,1
13110.0,1
13113.0,1
13115.0,1
13116.0,0
13117.0,1
13118.0,1
13120.0,0
13121.0,0
13122.0,0
13124.0,0
13126.0,1
13127.0,0
13130.0,0
13131.0,1
13132.0,0
13133.0,0
13134.0,0
13136.0,1
13137.0,1
13138.0,1
13139.0,1
13140.0,0
13141.0,0
13142.0,1
13144.0,0
13145.0,1
13146.0,1
13147.0,1
13148.0,1
13149.0,1
13151.0,0
13153.0,1
13154.0,0
13155.0,1
13157.0,1
13158.0,0
13159.0,1
13160.0,1
13161.0,0
13162.0,0
13165.0,1
13166.0,0
13167.0,1
13168.0,1
13169.0,0
13170.0,1
13171.0,1
13173.0,1
13174.0,1
13176.0,1
13177.0,0
13178.0,1
13182.0,0
13183.0,1
13184.0,1
13185.0,0
13186.0,1
13187.0,0
13188.0,1
13189.0,1
13192.0,0
13193.0,0
13194.0,0
13196.0,1
13198.0,1
13199.0,1
13200.0,1
13203.0,1
13207.0,1
13208.0,0
13209.0,1
13210.0,0
13211.0,1
13212.0,1
13213.0,1
13216.0,0
13217.0,0
13218.0,0
13220.0,0
13221.0,0
13223.0,0
13224.0,0
13225.0,1
13226.0,0
13227.0,0
13229.0,0
13230.0,1
13232.0,1
13233.0,0
13235.0,0
13236.0,1
13238.0,1
13239.0,0
13240.0,0
13242.0,0
13243.0,0
13244.0,0
13245.0,1
13246.0,1
13247.0,1
13248.0,0
13249.0,0
13253.0,0
13255.0,1
13258.0,1
13259.0,0
13260.0,0
13261.0,0
13262.0,0
13263.0,1
13265.0,0
13266.0,1
13267.0,1
13268.0,1
13269.0,1
13271.0,0
13272.0,1
13273.0,0
13276.0,0
13277.0,1
13278.0,0
13279.0,0
13280.0,0
13282.0,1
13283.0,0
13284.0,0
13285.0,1
13291.0,0
13292.0,1
13294.0,0
13296.0,0
13297.0,1
13298.0,1
13299.0,0
13300.0,0
13301.0,0
13302.0,0
13305.0,1
13307.0,0
13308.0,1
13309.0,1
13310.0,1
13311.0,1
13313.0,1
13314.0,1
13316.0,1
13317.0,0
13318.0,1
13319.0,1
13320.0,0
13321.0,0
13322.0,1
13323.0,1
13324.0,1
13325.0,0
13327.0,1
13328.0,0
13329.0,1
13330.0,0
13332.0,1
13334.0,0
13336.0,0
13338.0,0
13339.0,0
13340.0,0
13341.0,0
13343.0,0
13344.0,0
13345.0,0
13347.0,1
13348.0,1
13349.0,1
13350.0,1
13351.0,0
13352.0,1
13354.0,0
13355.0,0
13356.0,0
13357.0,0
13358.0,0
13359.0,0
13362.0,1
13363.0,1
13364.0,0
13365.0,1
13368.0,0
13372.0,0
13373.0,0
13375.0,0
13376.0,0
13379.0,1
13381.0,1
13382.0,0
13384.0,1
13385.0,0
13388.0,0
13389.0,1
13390.0,0
13391.0,0
13394.0,1
13395.0,0
13396.0,1
13397.0,0
13398.0,0
13402.0,0
13403.0,1
13404.0,1
13405.0,0
13408.0,1
13410.0,1
13411.0,0
13414.0,0
13416.0,1
13417.0,1
13418.0,1
13419.0,0
13420.0,0
13421.0,1
13422.0,0
13425.0,0
13426.0,1
13427.0,1
13428.0,1
13429.0,1
13430.0,1
13431.0,0
13434.0,0
13435.0,1
13436.0,1
13437.0,1
13439.0,0
13441.0,0
13447.0,1
13448.0,1
13449.0,1
13450.0,1
13451.0,1
13452.0,0
13453.0,0
13455.0,1
13456.0,1
13458.0,1
13460.0,1
13461.0,1
13462.0,0
13464.0,0
13466.0,0
13467.0,1
13468.0,1
13470.0,0
13471.0,1
13473.0,1
13474.0,0
13475.0,0
13476.0,0
13477.0,1
13479.0,0
13481.0,1
13482.0,0
13483.0,0
13484.0,0
13485.0,0
13486.0,0
13487.0,1
13488.0,1
13489.0,0
13491.0,1
13492.0,0
13493.0,0
13494.0,0
13495.0,1
13496.0,1
13497.0,0
13499.0,1
13500.0,1
13501.0,0
13502.0,1
13503.0,1
13504.0,0
13505.0,0
13506.0,0
13507.0,1
13508.0,0
13509.0,1
13510.0,1
13512.0,0
13513.0,0
13514.0,0
13515.0,0
13516.0,1
13517.0,0
13518.0,0
13519.0,0
13520.0,0
13521.0,1
13522.0,1
13523.0,1
13524.0,1
13525.0,1
13527.0,1
13529.0,0
13531.0,0
13532.0,1
13533.0,0
13534.0,1
13536.0,1
13538.0,1
13539.0,0
13544.0,1
13546.0,1
13548.0,0
13549.0,1
13551.0,0
13552.0,0
13555.0,0
13557.0,1
13558.0,1
13560.0,1
13561.0,0
13562.0,0
13563.0,0
13564.0,0
13565.0,1
13566.0,0
13568.0,0
13569.0,1
13570.0,0
13571.0,1
13572.0,0
13573.0,1
13575.0,1
13576.0,1
13577.0,0
13579.0,1
13581.0,0
13583.0,0
13584.0,0
13587.0,1
13588.0,1
13589.0,1
13590.0,1
13591.0,1
13592.0,1
13593.0,0
13594.0,0
13596.0,1
13598.0,1
13599.0,1
13600.0,0
13601.0,0
13602.0,0
13603.0,1
13606.0,0
13607.0,0
13610.0,1
13611.0,0
13614.0,1
13615.0,0
13617.0,1
13618.0,0
13621.0,0
13623.0,1
13626.0,0
13627.0,0
13629.0,1
13630.0,1
13631.0,0
13632.0,1
13634.0,1
13635.0,0
13636.0,1
13637.0,1
13638.0,1
13639.0,0
13642.0,0
13643.0,1
13644.0,1
13645.0,0
13647.0,1
13649.0,0
13650.0,1
13651.0,1
13652.0,0
13654.0,1
13655.0,0
13656.0,0
13657.0,1
13658.0,1
13659.0,0
13662.0,0
13663.0,0
13666.0,1
13667.0,0
13668.0,1
13669.0,0
13670.0,0
13672.0,0
13673.0,1
13675.0,0
13678.0,0
13680.0,1
13681.0,1
13682.0,0
13684.0,0
13685.0,1
13686.0,0
13689.0,0
13690.0,0
13692.0,1
13693.0,0
13694.0,1
13695.0,1
13697.0,1
13699.0,0
13700.0,1
13703.0,0
13704.0,1
13705.0,1
13706.0,0
13707.0,0
13708.0,0
13709.0,1
13710.0,1
13711.0,0
13712.0,0
13715.0,0
13716.0,0
13717.0,1
13718.0,0
13719.0,1
13720.0,0
13721.0,1
13722.0,0
13723.0,0
13725.0,0
13726.0,1
13727.0,1
13728.0,1
13730.0,0
13731.0,0
13732.0,1
13735.0,1
13736.0,1
13737.0,0
13739.0,1
13740.0,0
13741.0,0
13742.0,1
13743.0,1
13744.0,0
13745.0,0
13748.0,0
13750.0,1
13751.0,0
13752.0,0
13753.0,0
13754.0,0
13755.0,1
13756.0,1
13758.0,1
13759.0,1
13760.0,1
13761.0,0
13762.0,0
13763.0,0
13764.0,0
13767.0,1
13769.0,1
13771.0,0
13772.0,1
13774.0,0
13777.0,1
13778.0,0
13780.0,1
13781.0,0
13782.0,1
13784.0,1
13787.0,0
13790.0,1
13791.0,1
13792.0,0
13798.0,1
13799.0,0
13800.0,0
13801.0,0
13802.0,0
13803.0,0
13804.0,1
13805.0,1
13806.0,0
13808.0,1
13809.0,0
13810.0,1
13811.0,0
13812.0,0
13813.0,1
13814.0,0
13815.0,1
13816.0,1
13817.0,1
13819.0,0
13821.0,0
13822.0,1
13823.0,1
13824.0,1
13826.0,0
13827.0,0
13828.0,1
13831.0,1
13832.0,1
13833.0,0
13835.0,1
13837.0,0
13838.0,1
13842.0,0
13844.0,1
13845.0,0
13846.0,1
13849.0,0
13850.0,0
13851.0,0
13853.0,1
13854.0,1
13856.0,0
13858.0,0
13859.0,0
13860.0,1
13862.0,1
13863.0,0
13865.0,1
13866.0,0
13867.0,1
13868.0,0
13869.0,0
13870.0,1
13871.0,1
13873.0,0
13875.0,0
13876.0,1
13877.0,0
13878.0,0
13880.0,1
13881.0,1
13882.0,1
13883.0,1
13884.0,1
13885.0,0
13886.0,0
13887.0,0
13888.0,0
13889.0,0
13890.0,1
13892.0,1
13893.0,0
13894.0,1
13895.0,1
13897.0,0
13898.0,0
13899.0,1
13900.0,0
13901.0,0
13904.0,1
13908.0,0
13911.0,1
13914.0,1
13917.0,0
13918.0,0
13919.0,1
13923.0,0
13924.0,1
13925.0,0
13926.0,1
13927.0,0
13928.0,1
13929.0,0
13930.0,0
13931.0,0
13932.0,0
13933.0,0
13934.0,0
13936.0,0
13937.0,0
13938.0,1
13939.0,1
13940.0,1
13941.0,1
13946.0,0
13947.0,0
13949.0,1
13950.0,1
13951.0,0
13952.0,0
13953.0,1
13954.0,1
13955.0,0
13956.0,1
13959.0,0
13960.0,1
13962.0,1
13963.0,0
13967.0,0
13969.0,1
13971.0,1
13972.0,0
13973.0,0
13974.0,1
13975.0,1
13976.0,0
13978.0,1
13979.0,0
13980.0,0
13982.0,1
13983.0,1
13984.0,1
13985.0,1
13986.0,1
13988.0,1
13989.0,0
13990.0,0
13991.0,1
13992.0,1
13993.0,1
13994.0,1
13995.0,1
13999.0,1
14000.0,0
14001.0,0
14002.0,0
14004.0,1
14005.0,1
14006.0,0
14009.0,0
14012.0,0
14013.0,0
14014.0,0
14015.0,0
14016.0,0
14019.0,1
14020.0,1
14021.0,0
14022.0,0
14023.0,1
14024.0,0
14027.0,0
14029.0,0
14030.0,1
14031.0,1
14032.0,1
14034.0,1
14035.0,1
14036.0,0
14037.0,0
14038.0,0
14039.0,0
14040.0,1
14041.0,0
14044.0,1
14045.0,0
14046.0,0
14047.0,1
14048.0,0
14049.0,1
14050.0,0
14051.0,1
14052.0,0
14053.0,0
14054.0,0
14055.0,0
14056.0,1
14057.0,1
14059.0,0
14060.0,1
14062.0,1
14064.0,1
14066.0,0
14067.0,0
14068.0,0
14071.0,1
14073.0,1
14075.0,1
14076.0,0
14077.0,1
14078.0,0
14079.0,0
14080.0,1
14081.0,0
14083.0,1
14085.0,1
14087.0,1
14088.0,1
14089.0,0
14090.0,0
14092.0,1
14093.0,1
14096.0,1
14098.0,0
14099.0,1
14100.0,0
14101.0,0
14102.0,1
14104.0,0
14105.0,0
14107.0,1
14108.0,1
14109.0,1
14110.0,1
14111.0,1
14112.0,1
14113.0,1
14114.0,0
14116.0,1
14117.0,0
14121.0,1
14124.0,0
14125.0,1
14126.0,1
14127.0,0
14128.0,1
14129.0,1
14130.0,0
14132.0,1
14133.0,0
14135.0,1
14138.0,1
14139.0,0
14140.0,1
14141.0,1
14143.0,0
14145.0,1
14146.0,1
14147.0,0
14148.0,0
14149.0,0
14150.0,1
14152.0,0
14154.0,0
14155.0,0
14156.0,1
14157.0,1
14158.0,1
14159.0,1
14161.0,0
14162.0,0
14163.0,0
14164.0,0
14165.0,0
14167.0,1
14171.0,0
14173.0,1
14174.0,1
14175.0,1
14176.0,0
14177.0,0
14178.0,1
14179.0,0
14180.0,1
14184.0,0
14185.0,0
14188.0,1
14189.0,1
14191.0,1
14193.0,0
14194.0,1
14195.0,0
14196.0,0
14198.0,1
14199.0,0
14201.0,0
14204.0,1
14205.0,1
14206.0,0
14208.0,0
14209.0,1
14210.0,0
14211.0,1
14212.0,0
14214.0,1
14215.0,1
14216.0,1
14217.0,1
14218.0,1
14219.0,1
14220.0,0
14221.0,1
14222.0,0
14223.0,0
14224.0,0
14226.0,1
14227.0,1
14229.0,0
14231.0,0
14232.0,1
14233.0,1
14234.0,1
14235.0,1
14236.0,0
14238.0,0
14239.0,1
14240.0,1
14241.0,0
14242.0,0
14243.0,1
14245.0,0
14246.0,0
14247.0,0
14248.0,0
14250.0,1
14251.0,1
14256.0,0
14257.0,1
14258.0,1
14259.0,0
14261.0,0
14262.0,1
14264.0,0
14265.0,0
14267.0,0
14270.0,0
14271.0,0
14272.0,0
14273.0,1
14276.0,0
14277.0,1
14280.0,0
14282.0,1
14284.0,1
14285.0,1
14286.0,1
14287.0,1
14288.0,0
14289.0,1
14290.0,1
14291.0,1
14292.0,1
14293.0,1
14295.0,0
14297.0,1
14298.0,1
14299.0,1
14300.0,1
14301.0,0
14304.0,0
14305.0,0
14306.0,1
14307.0,0
14309.0,1
14311.0,0
14312.0,1
14314.0,0
14315.0,1
14317.0,0
14320.0,0
14321.0,1
14323.0,0
14326.0,0
14327.0,0
14329.0,1
14331.0,0
14332.0,1
14333.0,0
14334.0,1
14335.0,1
14336.0,1
14338.0,0
14339.0,0
14340.0,0
14341.0,1
14342.0,1
14344.0,0
14345.0,1
14346.0,0
14348.0,0
14349.0,1
14350.0,0
14351.0,0
14352.0,0
14353.0,0
14354.0,1
14356.0,0
14357.0,0
14359.0,1
14360.0,1
14362.0,1
14364.0,0
14367.0,1
14368.0,0
14371.0,0
14375.0,0
14377.0,0
14379.0,0
14381.0,1
14382.0,1
14383.0,1
14385.0,1
14386.0,0
14387.0,1
14388.0,1
14389.0,1
14390.0,1
14393.0,0
14395.0,1
14396.0,1
14397.0,1
14400.0,0
14401.0,1
14403.0,0
14404.0,1
14406.0,0
14407.0,0
14408.0,1
14409.0,0
14410.0,1
14411.0,0
14412.0,1
14414.0,0
14415.0,1
14416.0,1
14418.0,1
14419.0,1
14420.0,0
14421.0,1
14422.0,1
14423.0,0
14424.0,1
14426.0,1
14427.0,0
14428.0,1
14431.0,0
14432.0,1
14434.0,1
14436.0,0
14437.0,0
14438.0,0
14439.0,0
14440.0,1
14441.0,1
14442.0,1
14443.0,0
14446.0,1
14447.0,1
14448.0,1
14449.0,1
14450.0,0
14451.0,0
14452.0,1
14453.0,0
14456.0,1
14457.0,0
14459.0,0
14460.0,0
14461.0,0
14462.0,1
14463.0,0
14465.0,0
14466.0,1
14467.0,1
14470.0,1
14472.0,0
14473.0,0
14474.0,0
14475.0,0
14476.0,0
14477.0,1
14479.0,0
14480.0,1
14481.0,0
14482.0,1
14483.0,0
14484.0,1
14485.0,1
14487.0,1
14488.0,0
14489.0,0
14491.0,0
14493.0,1
14494.0,1
14495.0,0
14496.0,0
14497.0,0
14498.0,1
14499.0,1
14500.0,0
14501.0,0
14502.0,1
14503.0,1
14504.0,1
14505.0,1
14506.0,1
14507.0,1
14508.0,1
14511.0,1
14512.0,0
14513.0,0
14514.0,0
14515.0,1
14517.0,1
14518.0,0
14520.0,1
14522.0,1
14523.0,0
14524.0,1
14525.0,1
14527.0,1
14528.0,0
14529.0,0
14530.0,1
14532.0,0
14533.0,1
14534.0,1
14535.0,0
14536.0,0
14537.0,0
14538.0,0
14539.0,1
14540.0,1
14541.0,0
14542.0,0
14543.0,1
14544.0,0
14546.0,1
14547.0,1
14548.0,0
14549.0,0
14550.0,1
14551.0,0
14552.0,0
14553.0,1
14554.0,1
14555.0,0
14557.0,0
14560.0,1
14561.0,0
14562.0,1
14565.0,0
14567.0,1
14569.0,1
14570.0,0
14572.0,1
14573.0,0
14577.0,1
14578.0,1
14581.0,1
14582.0,0
14583.0,1
14584.0,0
14585.0,1
14586.0,0
14587.0,1
14591.0,1
14592.0,1
14593.0,1
14594.0,1
14595.0,1
14597.0,1
14598.0,1
14600.0,0
14601.0,1
14606.0,1
14607.0,1
14608.0,1
14616.0,0
14618.0,1
14619.0,0
14620.0,0
14621.0,1
14622.0,0
14623.0,1
14624.0,1
14625.0,0
14626.0,1
14627.0,0
14628.0,0
14629.0,1
14631.0,1
14632.0,0
14633.0,0
14636.0,0
14638.0,0
14639.0,1
14640.0,1
14641.0,1
14642.0,0
14643.0,0
14644.0,1
14645.0,0
14646.0,1
14647.0,0
14649.0,1
14651.0,0
14652.0,0
14653.0,1
14655.0,1
14656.0,0
14657.0,1
14658.0,1
14659.0,1
14660.0,0
14661.0,1
14662.0,1
14664.0,1
14665.0,1
14666.0,1
14667.0,1
14669.0,0
14670.0,0
14672.0,0
14673.0,1
14675.0,1
14676.0,1
14680.0,1
14681.0,0
14682.0,0
14684.0,1
14687.0,0
14688.0,1
14689.0,0
14690.0,0
14691.0,1
14692.0,0
14693.0,0
14696.0,1
14697.0,0
14698.0,1
14699.0,0
14700.0,1
14701.0,1
14702.0,1
14703.0,1
14704.0,1
14708.0,1
14709.0,1
14710.0,1
14711.0,1
14712.0,1
14713.0,1
14714.0,1
14715.0,1
14716.0,1
14719.0,1
14720.0,1
14722.0,0
14723.0,1
14725.0,1
14727.0,0
14730.0,1
14731.0,0
14732.0,1
14733.0,1
14735.0,1
14737.0,1
14738.0,1
14739.0,1
14740.0,0
14741.0,1
14744.0,1
14745.0,0
14747.0,0
14748.0,1
14752.0,0
14753.0,0
14754.0,1
14755.0,1
14756.0,1
14757.0,0
14758.0,0
14759.0,1
14760.0,0
14761.0,0
14762.0,0
14764.0,1
14765.0,1
14766.0,1
14768.0,1
14769.0,1
14770.0,0
14772.0,0
14775.0,0
14776.0,1
14777.0,1
14778.0,0
14779.0,0
14780.0,0
14782.0,0
14784.0,1
14785.0,1
14788.0,1
14789.0,1
14790.0,1
14792.0,0
14793.0,1
14794.0,1
14795.0,0
14796.0,1
14798.0,0
14799.0,0
14800.0,1
14801.0,0
14803.0,0
14804.0,1
14805.0,1
14806.0,0
14808.0,0
14810.0,1
14815.0,1
14816.0,0
14817.0,0
14818.0,0
14819.0,0
14820.0,1
14823.0,0
14824.0,1
14825.0,1
14828.0,0
14829.0,1
14830.0,1
14834.0,1
14836.0,1
14837.0,0
14840.0,0
14841.0,1
14842.0,1
14844.0,0
14847.0,0
14849.0,1
14850.0,0
14851.0,1
14852.0,1
14853.0,1
14854.0,0
14855.0,0
14856.0,1
14857.0,1
14859.0,1
14860.0,1
14861.0,0
14862.0,1
14863.0,1
14865.0,1
14866.0,1
14867.0,0
14868.0,1
14869.0,1
14870.0,0
14871.0,1
14873.0,0
14875.0,1
14878.0,1
14880.0,0
14881.0,1
14882.0,1
14883.0,1
14885.0,0
14886.0,0
14888.0,0
14889.0,0
14890.0,0
14891.0,0
14893.0,1
14894.0,0
14895.0,1
14896.0,0
14897.0,1
14898.0,1
14901.0,1
14902.0,1
14903.0,1
14904.0,1
14905.0,0
14907.0,1
14908.0,0
14910.0,1
14911.0,1
14912.0,1
14913.0,1
14915.0,0
14916.0,0
14918.0,0
14920.0,0
14921.0,1
14923.0,1
14924.0,0
14929.0,1
14930.0,0
14931.0,1
14934.0,0
14935.0,0
14936.0,1
14937.0,0
14944.0,1
14946.0,1
14947.0,0
14948.0,1
14950.0,1
14951.0,0
14952.0,1
14953.0,1
14954.0,1
14957.0,0
14958.0,0
14959.0,0
14960.0,1
14961.0,1
14962.0,0
14963.0,1
14964.0,0
14965.0,0
14966.0,1
14967.0,0
14968.0,1
14970.0,0
14971.0,1
14972.0,0
14973.0,0
14974.0,1
14975.0,0
14976.0,0
14978.0,0
14981.0,0
14984.0,1
14985.0,0
14987.0,1
14988.0,0
14995.0,1
14997.0,0
14998.0,0
15000.0,0
15002.0,0
15004.0,0
15005.0,1
15006.0,1
15007.0,0
15009.0,1
15010.0,0
15012.0,1
15014.0,1
15016.0,0
15017.0,1
15018.0,1
15019.0,0
15021.0,1
15022.0,1
15023.0,1
15024.0,1
15025.0,1
15026.0,0
15027.0,1
15028.0,1
15030.0,0
15031.0,1
15032.0,0
15033.0,1
15034.0,1
15035.0,0
15036.0,0
15038.0,1
15039.0,1
15041.0,0
15042.0,0
15044.0,1
15045.0,0
15046.0,1
15047.0,0
15048.0,1
15049.0,0
15050.0,1
15051.0,1
15052.0,0
15053.0,1
15054.0,1
15057.0,0
15058.0,1
15059.0,1
15060.0,1
15061.0,1
15062.0,1
15063.0,0
15065.0,0
15066.0,1
15067.0,0
15068.0,1
15069.0,0
15071.0,0
15073.0,1
15074.0,0
15075.0,0
15076.0,0
15078.0,1
15079.0,0
15081.0,1
15083.0,0
15087.0,0
15088.0,1
15089.0,1
15090.0,0
15091.0,0
15092.0,0
15093.0,1
15095.0,0
15096.0,1
15097.0,1
15098.0,1
15099.0,0
15100.0,0
15101.0,1
15103.0,1
15104.0,0
15105.0,1
15106.0,1
15107.0,0
15108.0,0
15109.0,0
15110.0,1
15111.0,0
15113.0,1
15114.0,1
15115.0,1
15116.0,1
15117.0,1
15119.0,0
15120.0,0
15121.0,1
15122.0,0
15123.0,1
15124.0,1
15125.0,1
15127.0,0
15128.0,1
15129.0,1
15130.0,0
15132.0,1
15133.0,0
15134.0,1
15135.0,0
15136.0,1
15139.0,0
15140.0,1
15142.0,1
15143.0,0
15144.0,1
15145.0,1
15146.0,0
15147.0,0
15148.0,1
15149.0,0
15150.0,1
15152.0,1
15153.0,1
15154.0,0
15156.0,1
15157.0,1
15158.0,1
15159.0,1
15163.0,1
15164.0,0
15167.0,0
15168.0,1
15171.0,0
15172.0,1
15174.0,0
15175.0,0
15178.0,0
15179.0,1
15181.0,0
15182.0,0
15184.0,1
15185.0,0
15186.0,1
15187.0,1
15189.0,1
15192.0,0
15193.0,0
15194.0,1
15197.0,1
15198.0,0
15199.0,0
15201.0,1
15203.0,1
15205.0,0
15206.0,1
15208.0,1
15210.0,0
15211.0,1
15212.0,0
15213.0,0
15214.0,1
15215.0,0
15216.0,0
15218.0,1
15219.0,0
15220.0,1
15222.0,0
15223.0,0
15225.0,0
15226.0,0
15227.0,1
15228.0,0
15230.0,0
15232.0,0
15234.0,0
15235.0,0
15236.0,0
15237.0,1
15238.0,0
15239.0,1
15240.0,1
15241.0,1
15243.0,0
15244.0,0
15245.0,0
15246.0,0
15247.0,0
15249.0,1
15251.0,1
15252.0,1
15253.0,1
15254.0,0
15255.0,0
15256.0,0
15257.0,0
15258.0,0
15260.0,0
15261.0,0
15262.0,0
15263.0,0
15264.0,0
15265.0,0
15266.0,0
15267.0,1
15269.0,1
15270.0,1
15271.0,1
15272.0,0
15274.0,1
15275.0,0
15276.0,1
15277.0,0
15280.0,0
15281.0,0
15286.0,1
15287.0,1
15288.0,1
15289.0,1
15290.0,1
15291.0,1
15292.0,0
15296.0,1
15297.0,1
15298.0,1
15299.0,0
15300.0,0
15301.0,1
15303.0,0
15304.0,0
15306.0,0
15307.0,0
15308.0,0
15311.0,1
15312.0,0
15313.0,0
15314.0,0
15315.0,0
15318.0,1
15319.0,0
15320.0,0
15321.0,0
15322.0,1
15325.0,0
15326.0,0
15327.0,1
15329.0,1
15330.0,1
15333.0,0
15334.0,0
15335.0,1
15339.0,0
15341.0,0
15342.0,0
15343.0,0
15344.0,1
15345.0,0
15346.0,0
15348.0,0
15349.0,0
15351.0,1
15353.0,0
15355.0,1
15356.0,1
15358.0,1
15360.0,1
15363.0,0
15364.0,0
15365.0,1
15366.0,0
15367.0,0
15368.0,1
15369.0,0
15370.0,1
15372.0,0
15373.0,1
15374.0,0
15376.0,1
15379.0,0
15380.0,1
15381.0,0
15382.0,1
15384.0,0
15385.0,1
15386.0,0
15388.0,0
15392.0,1
15393.0,0
15394.0,1
15395.0,0
15396.0,0
15397.0,0
15398.0,1
15399.0,1
15400.0,0
15402.0,0
15405.0,0
15406.0,1
15407.0,1
15408.0,0
15410.0,0
15411.0,1
15412.0,0
15414.0,1
15415.0,0
15416.0,0
15417.0,0
15419.0,1
15421.0,1
15422.0,0
15423.0,1
15424.0,0
15426.0,1
15427.0,1
15428.0,1
15429.0,1
15432.0,1
15433.0,0
15434.0,1
15435.0,1
15436.0,1
15437.0,0
15438.0,0
15440.0,0
15442.0,0
15443.0,1
15444.0,1
15445.0,0
15447.0,0
15448.0,0
15449.0,1
15450.0,1
15452.0,1
15453.0,1
15456.0,0
15457.0,0
15458.0,1
15462.0,0
15463.0,1
15464.0,0
15465.0,1
15466.0,0
15467.0,1
15468.0,1
15469.0,0
15471.0,1
15472.0,0
15473.0,1
15475.0,0
15478.0,1
15480.0,0
15482.0,1
15483.0,0
15484.0,1
15485.0,1
15488.0,0
15489.0,1
15491.0,0
15492.0,1
15493.0,1
15494.0,1
15497.0,1
15498.0,1
15500.0,1
15502.0,1
15504.0,0
15505.0,0
15506.0,1
15507.0,0
15508.0,0
15510.0,0
15511.0,1
15512.0,0
15513.0,1
15514.0,1
15516.0,0
15517.0,0
15518.0,0
15520.0,1
15521.0,1
15522.0,1
15523.0,0
15524.0,1
15525.0,1
15526.0,0
15527.0,1
15528.0,0
15529.0,1
15530.0,1
15531.0,1
15532.0,1
15533.0,1
15535.0,0
15537.0,0
15539.0,1
15540.0,1
15541.0,0
15543.0,0
15544.0,1
15545.0,0
15547.0,1
15549.0,0
15550.0,1
15551.0,1
15552.0,0
15553.0,0
15554.0,0
15555.0,1
15556.0,1
15557.0,1
15561.0,1
15563.0,1
15565.0,0
15567.0,1
15568.0,1
15569.0,0
15570.0,1
15571.0,1
15572.0,1
15573.0,1
15574.0,0
15576.0,1
15577.0,0
15578.0,0
15579.0,0
15581.0,0
15582.0,1
15584.0,1
15585.0,0
15587.0,0
15589.0,0
15590.0,0
15592.0,1
15593.0,0
15594.0,1
15596.0,0
15597.0,1
15598.0,1
15599.0,1
15601.0,1
15602.0,1
15603.0,0
15604.0,0
15605.0,1
15606.0,1
15607.0,0
15608.0,1
15609.0,0
15610.0,0
15611.0,1
15612.0,1
15615.0,1
15618.0,1
15619.0,1
15620.0,1
15621.0,1
15622.0,1
15623.0,0
15624.0,0
15625.0,0
15626.0,0
15628.0,1
15630.0,1
15632.0,1
15634.0,1
15636.0,0
15637.0,0
15638.0,0
15639.0,0
15640.0,1
15641.0,0
15643.0,0
15644.0,0
15645.0,1
15646.0,0
15648.0,0
15649.0,0
15651.0,1
15652.0,0
15653.0,0
15654.0,1
15655.0,0
15656.0,0
15657.0,1
15658.0,0
15659.0,0
15660.0,1
15661.0,0
15663.0,0
15664.0,0
15665.0,0
15667.0,1
15668.0,0
15669.0,1
15670.0,0
15671.0,1
15673.0,0
15674.0,0
15675.0,0
15676.0,1
15677.0,1
15678.0,0
15679.0,1
15680.0,1
15681.0,1
15683.0,0
15687.0,1
15689.0,0
15690.0,1
15691.0,0
15692.0,1
15694.0,1
15695.0,0
15696.0,1
15699.0,1
15700.0,0
15701.0,1
15703.0,0
15704.0,0
15705.0,0
15706.0,0
15707.0,1
15708.0,1
15709.0,0
15712.0,1
15713.0,0
15714.0,1
15716.0,0
15717.0,0
15719.0,1
15720.0,1
15721.0,1
15722.0,1
15724.0,0
15725.0,1
15727.0,1
15728.0,1
15729.0,0
15730.0,0
15732.0,0
15733.0,0
15734.0,0
15737.0,1
15738.0,1
15739.0,0
15740.0,0
15743.0,1
15744.0,0
15745.0,1
15746.0,0
15747.0,1
15748.0,0
15750.0,1
15752.0,1
15754.0,1
15755.0,1
15756.0,0
15757.0,0
15758.0,1
15759.0,0
15762.0,0
15763.0,1
15764.0,0
15766.0,0
15768.0,0
15769.0,1
15773.0,1
15774.0,0
15775.0,0
15776.0,0
15777.0,0
15780.0,0
15781.0,1
15782.0,1
15783.0,1
15785.0,1
15786.0,1
15787.0,1
15790.0,1
15791.0,1
15793.0,1
15795.0,0
15796.0,1
15797.0,0
15799.0,0
15800.0,0
15801.0,1
15802.0,0
15803.0,0
15804.0,1
15805.0,1
15806.0,1
15807.0,0
15808.0,0
15809.0,1
15810.0,0
15811.0,1
15812.0,0
15813.0,0
15814.0,1
15815.0,0
15819.0,0
15820.0,0
15821.0,1
15822.0,1
15823.0,0
15825.0,0
15826.0,1
15827.0,0
15829.0,0
15830.0,1
15831.0,0
15832.0,0
15834.0,0
15835.0,0
15836.0,1
15837.0,0
15838.0,1
15839.0,1
15840.0,0
15841.0,0
15843.0,0
15844.0,0
15845.0,1
15847.0,0
15850.0,1
15852.0,0
15853.0,1
15854.0,1
15855.0,0
15856.0,1
15857.0,1
15858.0,1
15860.0,1
15861.0,1
15862.0,1
15863.0,0
15864.0,0
15865.0,0
15866.0,0
15867.0,1
15869.0,0
15870.0,1
15872.0,1
15874.0,0
15877.0,1
15881.0,0
15882.0,0
15883.0,1
15885.0,0
15886.0,0
15888.0,0
15889.0,0
15891.0,0
15894.0,0
15895.0,0
15897.0,0
15898.0,1
15900.0,1
15901.0,1
15903.0,1
15904.0,1
15906.0,1
15907.0,1
15909.0,0
15910.0,1
15912.0,0
15916.0,1
15917.0,0
15918.0,0
15919.0,1
15920.0,0
15921.0,0
15925.0,0
15930.0,0
15932.0,1
15933.0,1
15935.0,0
15937.0,0
15938.0,0
15939.0,0
15940.0,0
15942.0,0
15944.0,0
15947.0,0
15948.0,1
15949.0,1
15950.0,1
15951.0,1
15952.0,1
15953.0,1
15955.0,1
15957.0,1
15958.0,0
15963.0,1
15965.0,1
15967.0,1
15969.0,1
15970.0,0
15971.0,1
15973.0,0
15974.0,1
15975.0,0
15976.0,0
15977.0,1
15978.0,0
15980.0,0
15981.0,1
15983.0,1
15984.0,1
15985.0,0
15986.0,1
15987.0,1
15988.0,1
15990.0,0
15992.0,1
15993.0,1
15994.0,0
15996.0,0
15998.0,1
16003.0,1
16005.0,1
16006.0,0
16007.0,0
16008.0,1
16009.0,1
16010.0,0
16011.0,1
16012.0,0
16013.0,1
16014.0,1
16015.0,1
16016.0,1
16017.0,1
16018.0,1
16019.0,1
16020.0,1
16022.0,0
16023.0,0
16024.0,1
16025.0,1
16026.0,1
16027.0,0
16029.0,1
16030.0,0
16031.0,0
16033.0,1
16034.0,0
16036.0,0
16037.0,0
16038.0,1
16040.0,0
16041.0,0
16042.0,1
16043.0,1
16045.0,0
16048.0,0
16049.0,0
16050.0,0
16052.0,1
16053.0,1
16054.0,0
16055.0,0
16056.0,1
16057.0,1
16059.0,1
16061.0,0
16062.0,1
16063.0,0
16066.0,1
16070.0,1
16071.0,1
16072.0,0
16073.0,0
16076.0,1
16078.0,0
16079.0,1
16080.0,0
16081.0,0
16083.0,0
16084.0,0
16085.0,1
16086.0,0
16091.0,0
16092.0,0
16093.0,0
16094.0,1
16096.0,0
16097.0,0
16098.0,0
16099.0,1
16101.0,1
16102.0,1
16103.0,1
16104.0,0
16105.0,0
16106.0,0
16107.0,1
16108.0,0
16109.0,0
16110.0,1
16112.0,0
16113.0,0
16114.0,0
16115.0,1
16116.0,0
16117.0,0
16119.0,1
16120.0,0
16121.0,0
16122.0,0
16123.0,1
16124.0,0
16126.0,0
16127.0,1
16128.0,1
16131.0,0
16133.0,1
16134.0,1
16135.0,0
16136.0,0
16139.0,1
16140.0,0
16141.0,0
16142.0,0
16143.0,1
16144.0,0
16145.0,1
16146.0,0
16147.0,0
16148.0,0
16149.0,1
16150.0,1
16152.0,0
16153.0,1
16156.0,1
16157.0,1
16159.0,0
16160.0,1
16161.0,1
16162.0,0
16164.0,1
16168.0,1
16169.0,1
16170.0,1
16171.0,0
16172.0,0
16173.0,1
16174.0,0
16175.0,0
16177.0,0
16178.0,0
16179.0,0
16180.0,0
16181.0,0
16182.0,0
16183.0,0
16184.0,0
16185.0,1
16186.0,1
16187.0,1
16188.0,1
16189.0,1
16190.0,1
16191.0,1
16193.0,0
16198.0,0
16200.0,1
16201.0,1
16203.0,0
16204.0,1
16205.0,1
16206.0,0
16207.0,1
16208.0,1
16209.0,0
16210.0,1
16211.0,0
16212.0,1
16213.0,0
16214.0,0
16215.0,0
16216.0,0
16217.0,0
16218.0,1
16221.0,1
16222.0,0
16224.0,0
16225.0,1
16226.0,0
16227.0,0
16229.0,0
16230.0,0
16232.0,1
16233.0,1
16235.0,1
16236.0,0
16239.0,0
16240.0,1
16241.0,1
16242.0,1
16243.0,0
16244.0,0
16245.0,1
16247.0,0
16248.0,0
16249.0,1
16250.0,0
16253.0,1
16255.0,1
16256.0,0
16257.0,0
16258.0,0
16260.0,0
16261.0,1
16265.0,1
16266.0,0
16268.0,1
16271.0,1
16272.0,0
16275.0,0
16276.0,0
16278.0,1
16279.0,1
16281.0,0
16282.0,0
16283.0,1
16284.0,1
16287.0,0
16292.0,0
16293.0,1
16295.0,1
16297.0,0
16298.0,1
16302.0,0
16303.0,1
16305.0,0
16306.0,0
16309.0,0
16311.0,1
16313.0,1
16315.0,0
16316.0,0
16317.0,0
16318.0,0
16319.0,0
16320.0,0
16321.0,0
16322.0,1
16323.0,0
16324.0,0
16325.0,1
16326.0,1
16327.0,1
16330.0,1
16332.0,1
16333.0,0
16337.0,1
16338.0,0
16339.0,0
16340.0,0
16341.0,1
16342.0,0
16343.0,1
16344.0,0
16345.0,1
16347.0,1
16348.0,1
16349.0,0
16350.0,1
16351.0,0
16352.0,1
16353.0,1
16354.0,0
16356.0,0
16357.0,1
16358.0,1
16359.0,1
16360.0,1
16361.0,1
16362.0,1
16363.0,1
16364.0,1
16365.0,1
16366.0,1
16367.0,0
16368.0,1
16369.0,1
16370.0,0
16372.0,1
16374.0,0
16376.0,1
16377.0,0
16378.0,0
16379.0,1
16380.0,0
16383.0,0
16384.0,0
16385.0,0
16386.0,1
16387.0,0
16389.0,1
16392.0,0
16393.0,1
16394.0,0
16395.0,0
16398.0,0
16399.0,1
16400.0,0
16401.0,1
16402.0,0
16403.0,0
16404.0,0
16405.0,0
16406.0,1
16407.0,1
16409.0,1
16411.0,1
16412.0,0
16413.0,0
16414.0,0
16415.0,1
16416.0,1
16418.0,1
16419.0,0
16422.0,1
16423.0,1
16424.0,0
16425.0,0
16426.0,1
16427.0,0
16428.0,0
16429.0,0
16430.0,0
16431.0,0
16432.0,1
16433.0,1
16434.0,1
16438.0,1
16440.0,1
16441.0,0
16442.0,1
16444.0,1
16445.0,0
16446.0,0
16447.0,0
16448.0,0
16449.0,0
16450.0,0
16451.0,0
16454.0,0
16455.0,0
16456.0,0
16457.0,0
16458.0,1
16460.0,1
16461.0,0
16462.0,0
16463.0,1
16464.0,1
16466.0,1
16468.0,0
16469.0,1
16470.0,1
16471.0,0
16473.0,0
16474.0,1
16475.0,0
16477.0,1
16478.0,1
16479.0,1
16480.0,0
16482.0,1
16483.0,0
16484.0,0
16485.0,0
16488.0,1
16491.0,1
16493.0,0
16494.0,0
16495.0,1
16496.0,1
16497.0,1
16498.0,0
16500.0,1
16503.0,0
16504.0,1
16506.0,1
16509.0,0
16511.0,1
16513.0,1
16515.0,0
16516.0,0
16517.0,0
16518.0,0
16519.0,1
16520.0,0
16523.0,1
16525.0,1
16526.0,0
16527.0,0
16528.0,1
16529.0,0
16531.0,1
16533.0,1
16535.0,1
16536.0,0
16539.0,1
16542.0,0
16545.0,0
16546.0,0
16549.0,1
16550.0,0
16551.0,0
16552.0,0
16553.0,0
16554.0,1
16555.0,1
16556.0,0
16557.0,1
16558.0,1
16560.0,1
16561.0,1
16563.0,0
16566.0,1
16567.0,0
16569.0,1
16570.0,1
16571.0,1
16572.0,0
16573.0,0
16574.0,0
16581.0,0
16582.0,0
16584.0,0
16586.0,0
16587.0,0
16589.0,0
16591.0,0
16592.0,1
16593.0,0
16594.0,0
16595.0,0
16596.0,1
16597.0,1
16598.0,0
16600.0,1
16601.0,1
16602.0,1
16603.0,0
16607.0,1
16609.0,1
16610.0,0
16611.0,0
16612.0,1
16613.0,0
16614.0,0
16616.0,1
16617.0,0
16618.0,1
16619.0,0
16620.0,1
16621.0,0
16623.0,0
16624.0,0
16625.0,0
16626.0,1
16627.0,0
16628.0,1
16629.0,0
16633.0,1
16634.0,0
16637.0,1
16638.0,1
16639.0,1
16641.0,0
16642.0,1
16643.0,0
16644.0,0
16647.0,0
16648.0,0
16650.0,0
16652.0,0
16653.0,1
16654.0,0
16655.0,1
16656.0,1
16657.0,1
16659.0,0
16660.0,1
16666.0,1
16667.0,0
16668.0,1
16669.0,1
16670.0,1
16671.0,1
16672.0,1
16674.0,0
16676.0,1
16678.0,1
16680.0,0
16681.0,0
16682.0,1
16684.0,1
16685.0,0
16686.0,1
16688.0,1
16689.0,0
16690.0,1
16692.0,0
16693.0,0
16696.0,0
16697.0,0
16698.0,0
16700.0,1
16701.0,1
16705.0,1
16706.0,1
16708.0,0
16709.0,0
16710.0,1
16711.0,1
16712.0,1
16713.0,1
16714.0,0
16715.0,0
16716.0,0
16717.0,1
16719.0,1
16720.0,1
16721.0,0
16722.0,1
16723.0,0
16725.0,0
16726.0,1
16728.0,0
16729.0,1
16730.0,0
16732.0,1
16734.0,0
16735.0,0
16738.0,0
16739.0,0
16742.0,0
16743.0,1
16744.0,1
16745.0,0
16746.0,1
16747.0,1
16748.0,1
16750.0,1
16751.0,1
16753.0,0
16755.0,0
16756.0,0
16757.0,0
16758.0,0
16759.0,1
16761.0,0
16762.0,1
16763.0,0
16764.0,1
16765.0,0
16766.0,0
16767.0,1
16768.0,0
16769.0,0
16770.0,0
16771.0,1
16773.0,0
16774.0,0
16775.0,1
16776.0,0
16777.0,0
16778.0,0
16779.0,1
16780.0,0
16782.0,1
16784.0,1
16788.0,0
16789.0,1
16790.0,1
16791.0,1
16792.0,0
16793.0,0
16794.0,1
16796.0,0
16800.0,1
16801.0,0
16803.0,0
16804.0,1
16805.0,0
16806.0,0
16807.0,0
16808.0,0
16809.0,1
16810.0,0
16811.0,1
16813.0,1
16814.0,1
16816.0,0
16817.0,1
16818.0,1
16820.0,0
16823.0,0
16824.0,1
16825.0,1
16826.0,1
16828.0,0
16829.0,0
16830.0,1
16832.0,0
16833.0,1
16834.0,0
16835.0,0
16836.0,1
16837.0,1
16838.0,0
16839.0,1
16841.0,1
16842.0,0
16843.0,1
16846.0,0
16847.0,1
16848.0,0
16849.0,0
16850.0,0
16851.0,1
16852.0,1
16855.0,1
16856.0,1
16859.0,0
16861.0,1
16863.0,1
16866.0,0
16869.0,1
16871.0,1
16872.0,0
16873.0,1
16875.0,1
16877.0,1
16878.0,1
16880.0,1
16882.0,0
16883.0,0
16884.0,1
16885.0,1
16887.0,1
16889.0,0
16891.0,1
16892.0,1
16895.0,0
16897.0,0
16898.0,1
16899.0,1
16900.0,1
16902.0,0
16903.0,1
16904.0,1
16905.0,1
16906.0,0
16907.0,1
16909.0,0
16910.0,1
16912.0,1
16913.0,0
16914.0,1
16915.0,1
16916.0,1
16917.0,0
16918.0,0
16919.0,0
16921.0,0
16923.0,1
16924.0,1
16927.0,0
16928.0,0
16929.0,1
16930.0,1
16931.0,1
16932.0,1
16933.0,1
16934.0,0
16936.0,1
16938.0,1
16940.0,1
16942.0,1
16943.0,0
16945.0,1
16947.0,0
16948.0,0
16949.0,1
16950.0,0
16951.0,0
16952.0,0
16953.0,1
16954.0,1
16955.0,0
16956.0,1
16957.0,0
16959.0,0
16960.0,1
16961.0,0
16963.0,0
16965.0,0
16966.0,1
16967.0,0
16968.0,1
16969.0,1
16971.0,1
16976.0,0
16978.0,0
16979.0,1
16980.0,0
16982.0,0
16983.0,1
16984.0,0
16985.0,1
16986.0,1
16987.0,1
16988.0,1
16989.0,1
16992.0,1
16996.0,1
16997.0,0
16998.0,0
16999.0,1
17001.0,1
17002.0,0
17004.0,0
17006.0,1
17007.0,1
17010.0,1
17011.0,1
17014.0,1
17015.0,1
17017.0,1
17018.0,1
17019.0,1
17022.0,1
17024.0,0
17025.0,0
17026.0,0
17027.0,0
17030.0,0
17031.0,1
17033.0,0
17034.0,1
17035.0,0
17037.0,0
17038.0,1
17040.0,0
17041.0,1
17042.0,1
17043.0,1
17044.0,1
17045.0,0
17046.0,0
17047.0,0
17048.0,0
17049.0,1
17050.0,0
17051.0,0
17052.0,1
17053.0,0
17054.0,1
17058.0,0
17059.0,1
17060.0,0
17061.0,0
17062.0,0
17063.0,1
17064.0,0
17065.0,0
17068.0,1
17069.0,1
17070.0,0
17071.0,1
17073.0,1
17075.0,1
17076.0,1
17078.0,1
17079.0,0
17080.0,1
17081.0,1
17082.0,1
17083.0,0
17084.0,1
17085.0,0
17086.0,1
17088.0,1
17090.0,1
17091.0,1
17092.0,0
17094.0,0
17095.0,1
17096.0,1
17097.0,1
17100.0,1
17101.0,1
17102.0,0
17105.0,0
17107.0,1
17109.0,1
17110.0,0
17111.0,1
17114.0,1
17115.0,1
17117.0,0
17118.0,0
17119.0,1
17120.0,0
17122.0,0
17123.0,0
17124.0,0
17125.0,0
17126.0,0
17128.0,0
17131.0,1
17133.0,1
17134.0,0
17135.0,1
17138.0,0
17139.0,1
17140.0,0
17142.0,0
17144.0,1
17146.0,0
17147.0,1
17148.0,0
17152.0,0
17153.0,1
17154.0,0
17155.0,1
17157.0,1
17158.0,1
17159.0,1
17160.0,1
17162.0,1
17163.0,1
17164.0,1
17165.0,0
17166.0,1
17169.0,1
17171.0,0
17172.0,0
17173.0,1
17174.0,0
17175.0,1
17176.0,0
17179.0,0
17180.0,0
17181.0,0
17183.0,1
17187.0,0
17188.0,1
17189.0,0
17190.0,0
17191.0,1
17193.0,1
17194.0,0
17197.0,1
17198.0,1
17201.0,0
17203.0,1
17204.0,0
17205.0,0
17206.0,1
17211.0,1
17212.0,0
17213.0,1
17214.0,0
17217.0,0
17218.0,1
17219.0,1
17220.0,1
17221.0,1
17222.0,0
17223.0,0
17226.0,0
17227.0,1
17228.0,1
17229.0,0
17230.0,0
17231.0,1
17232.0,1
17233.0,0
17234.0,0
17235.0,1
17236.0,1
17237.0,1
17238.0,1
17239.0,0
17242.0,0
17243.0,1
17244.0,0
17245.0,0
17247.0,1
17248.0,0
17250.0,1
17252.0,0
17253.0,1
17254.0,1
17255.0,0
17256.0,0
17259.0,0
17262.0,0
17263.0,0
17265.0,0
17266.0,1
17267.0,0
17268.0,0
17272.0,1
17274.0,1
17277.0,0
17278.0,0
17279.0,0
17282.0,0
17284.0,0
17286.0,1
17287.0,1
17288.0,1
17289.0,1
17290.0,1
17291.0,0
17293.0,1
17295.0,1
17297.0,1
17298.0,0
17299.0,1
17301.0,1
17302.0,1
17306.0,1
17309.0,0
17311.0,0
17312.0,0
17313.0,1
17314.0,1
17315.0,1
17317.0,0
17320.0,0
17321.0,1
17323.0,1
17324.0,1
17325.0,0
17329.0,1
17330.0,1
17331.0,0
17333.0,0
17334.0,0
17337.0,0
17338.0,1
17339.0,0
17340.0,1
17341.0,0
17344.0,1
17345.0,1
17346.0,1
17348.0,1
17349.0,0
17350.0,1
17351.0,1
17354.0,0
17356.0,0
17357.0,1
17358.0,0
17359.0,1
17360.0,1
17361.0,1
17362.0,0
17364.0,1
17365.0,1
17367.0,0
17368.0,1
17370.0,0
17371.0,1
17372.0,1
17373.0,1
17374.0,0
17375.0,0
17376.0,1
17377.0,1
17379.0,1
17381.0,1
17382.0,0
17383.0,1
17384.0,1
17385.0,1
17386.0,1
17387.0,1
17388.0,0
17389.0,1
17391.0,0
17392.0,0
17394.0,0
17396.0,0
17397.0,1
17398.0,0
17400.0,0
17402.0,1
17403.0,1
17404.0,1
17405.0,1
17406.0,0
17408.0,0
17409.0,0
17410.0,1
17411.0,1
17412.0,1
17414.0,0
17415.0,0
17416.0,1
17418.0,1
17419.0,1
17420.0,0
17422.0,1
17423.0,1
17425.0,1
17426.0,1
17427.0,0
17428.0,1
17429.0,0
17430.0,1
17431.0,0
17432.0,1
17433.0,0
17434.0,1
17436.0,1
17438.0,0
17440.0,0
17442.0,1
17444.0,0
17446.0,0
17447.0,1
17448.0,0
17449.0,1
17450.0,1
17451.0,1
17453.0,1
17454.0,0
17455.0,0
17457.0,0
17458.0,1
17459.0,1
17460.0,0
17461.0,1
17462.0,1
17463.0,1
17464.0,0
17466.0,1
17468.0,1
17469.0,1
17470.0,1
17472.0,0
17475.0,0
17480.0,0
17481.0,1
17483.0,0
17486.0,0
17489.0,0
17490.0,1
17491.0,1
17492.0,0
17495.0,1
17498.0,0
17499.0,0
17500.0,1
17501.0,0
17502.0,1
17503.0,1
17504.0,0
17505.0,0
17506.0,0
17507.0,0
17508.0,0
17509.0,1
17510.0,1
17511.0,1
17512.0,1
17513.0,0
17514.0,0
17515.0,1
17516.0,1
17517.0,0
17519.0,1
17520.0,0
17521.0,1
17522.0,1
17523.0,1
17526.0,1
17527.0,1
17528.0,1
17530.0,1
17531.0,0
17534.0,1
17535.0,0
17536.0,0
17537.0,1
17538.0,1
17540.0,1
17542.0,0
17545.0,1
17548.0,0
17549.0,1
17550.0,0
17552.0,1
17553.0,0
17554.0,1
17555.0,1
17556.0,0
17557.0,1
17560.0,0
17561.0,1
17562.0,1
17564.0,1
17566.0,1
17567.0,1
17569.0,0
17571.0,0
17572.0,0
17573.0,1
17574.0,0
17576.0,1
17578.0,0
17579.0,1
17580.0,0
17581.0,1
17582.0,0
17584.0,1
17585.0,0
17588.0,0
17589.0,0
17590.0,1
17591.0,0
17593.0,1
17594.0,0
17595.0,1
17596.0,1
17597.0,0
17600.0,1
17601.0,0
17602.0,1
17603.0,0
17604.0,0
17608.0,1
17609.0,1
17611.0,1
17612.0,0
17613.0,1
17614.0,0
17615.0,0
17616.0,0
17618.0,1
17619.0,0
17620.0,0
17621.0,1
17623.0,1
17624.0,1
17625.0,1
17628.0,0
17629.0,1
17630.0,0
17631.0,1
17633.0,1
17634.0,1
17636.0,1
17637.0,1
17639.0,0
17640.0,0
17642.0,0
17644.0,1
17646.0,0
17647.0,0
17648.0,0
17649.0,0
17650.0,1
17651.0,1
17652.0,1
17653.0,1
17654.0,0
17655.0,1
17656.0,0
17658.0,1
17659.0,1
17660.0,0
17663.0,1
17664.0,1
17666.0,1
17667.0,0
17668.0,1
17669.0,1
17670.0,0
17671.0,1
17672.0,1
17673.0,1
17674.0,0
17675.0,1
17676.0,1
17677.0,1
17678.0,0
17679.0,1
17680.0,1
17682.0,1
17684.0,0
17685.0,1
17686.0,1
17690.0,1
17692.0,0
17693.0,0
17694.0,0
17695.0,0
17696.0,1
17697.0,0
17698.0,0
17700.0,1
17701.0,0
17702.0,1
17703.0,1
17704.0,0
17705.0,1
17706.0,1
17707.0,0
17708.0,0
17709.0,0
17711.0,1
17712.0,1
17714.0,0
17716.0,1
17718.0,0
17719.0,1
17720.0,1
17722.0,0
17723.0,0
17724.0,0
17725.0,1
17727.0,1
17728.0,1
17730.0,1
17731.0,0
17733.0,1
17734.0,0
17735.0,1
17736.0,1
17737.0,1
17738.0,1
17739.0,1
17742.0,0
17744.0,1
17746.0,0
17747.0,0
17749.0,0
17750.0,1
17754.0,1
17757.0,1
17758.0,1
17759.0,1
17760.0,1
17761.0,0
17763.0,0
17764.0,0
17765.0,0
17767.0,1
17768.0,1
17769.0,1
17770.0,0
17771.0,1
17772.0,1
17774.0,0
17775.0,0
17777.0,1
17779.0,1
17781.0,0
17783.0,0
17785.0,0
17786.0,0
17787.0,0
17788.0,0
17789.0,0
17790.0,1
17791.0,1
17793.0,1
17795.0,0
17796.0,1
17797.0,1
17799.0,1
17800.0,1
17802.0,0
17805.0,0
17806.0,1
17809.0,1
17811.0,1
17812.0,1
17813.0,1
17816.0,1
17817.0,1
17819.0,0
17820.0,0
17824.0,1
17827.0,1
17828.0,1
17829.0,0
17830.0,1
17831.0,0
17832.0,1
17835.0,1
17836.0,1
17837.0,1
17838.0,1
17839.0,1
17841.0,1
17843.0,0
17844.0,0
17846.0,0
17848.0,0
17849.0,0
17850.0,0
17852.0,1
17854.0,0
17856.0,1
17857.0,1
17858.0,1
17859.0,0
17861.0,1
17862.0,0
17863.0,0
17864.0,1
17865.0,1
17866.0,0
17867.0,1
17869.0,0
17870.0,1
17871.0,0
17873.0,0
17874.0,0
17877.0,0
17878.0,1
17879.0,0
17881.0,0
17883.0,1
17884.0,1
17885.0,1
17886.0,1
17887.0,0
17888.0,1
17889.0,0
17890.0,0
17891.0,0
17892.0,0
17893.0,0
17894.0,0
17895.0,1
17897.0,0
17898.0,0
17899.0,0
17900.0,0
17901.0,1
17904.0,1
17905.0,0
17906.0,0
17911.0,1
17912.0,0
17913.0,0
17914.0,1
17917.0,1
17919.0,0
17920.0,1
17921.0,0
17923.0,0
17924.0,1
17926.0,0
17928.0,0
17929.0,1
17930.0,1
17931.0,0
17932.0,1
17934.0,1
17935.0,0
17936.0,1
17937.0,1
17939.0,0
17940.0,0
17941.0,0
17942.0,1
17946.0,0
17947.0,1
17949.0,1
17950.0,0
17951.0,1
17954.0,1
17955.0,0
17956.0,0
17957.0,1
17958.0,0
17960.0,0
17961.0,1
17962.0,0
17964.0,1
17965.0,1
17966.0,0
17969.0,0
17970.0,0
17972.0,0
17973.0,1
17974.0,1
17975.0,1
17977.0,1
17979.0,1
17980.0,0
17984.0,0
17985.0,1
17986.0,0
17987.0,0
17988.0,1
17990.0,0
17991.0,0
17994.0,0
17995.0,0
17997.0,0
17999.0,0
18001.0,1
18005.0,1
18006.0,1
18008.0,0
18009.0,0
18010.0,0
18013.0,0
18014.0,1
18015.0,0
18016.0,1
18018.0,0
18019.0,0
18022.0,0
18024.0,0
18027.0,0
18030.0,1
18032.0,0
18033.0,0
18034.0,1
18035.0,1
18036.0,1
18037.0,0
18040.0,1
18041.0,1
18042.0,0
18043.0,1
18044.0,1
18045.0,1
18048.0,0
18053.0,0
18055.0,1
18056.0,0
18058.0,1
18059.0,1
18061.0,1
18062.0,0
18064.0,0
18065.0,1
18066.0,0
18067.0,1
18068.0,0
18069.0,1
18071.0,0
18072.0,0
18073.0,0
18075.0,1
18077.0,1
18078.0,0
18079.0,1
18081.0,1
18082.0,1
18084.0,0
18085.0,0
18086.0,0
18087.0,0
18088.0,0
18092.0,1
18093.0,0
18094.0,0
18095.0,0
18096.0,1
18097.0,1
18099.0,0
18101.0,1
18102.0,1
18104.0,1
18105.0,1
18106.0,0
18108.0,0
18109.0,1
18110.0,1
18112.0,1
18114.0,0
18116.0,0
18117.0,1
18118.0,1
18120.0,0
18121.0,0
18122.0,1
18123.0,1
18125.0,1
18126.0,0
18127.0,1
18129.0,0
18130.0,1
18135.0,1
18136.0,0
18138.0,0
18139.0,1
18142.0,0
18143.0,0
18144.0,1
18145.0,1
18146.0,0
18147.0,0
18149.0,1
18150.0,1
18151.0,0
18154.0,1
18155.0,0
18156.0,1
18158.0,1
18159.0,0
18160.0,1
18161.0,1
18164.0,1
18165.0,0
18167.0,1
18168.0,0
18169.0,0
18170.0,1
18171.0,0
18172.0,1
18173.0,0
18174.0,1
18177.0,1
18178.0,0
18179.0,1
18180.0,1
18181.0,1
18183.0,0
18184.0,1
18185.0,0
18188.0,1
18189.0,0
18190.0,0
18191.0,0
18192.0,0
18193.0,0
18194.0,1
18196.0,0
18198.0,1
18200.0,0
18202.0,0
18203.0,0
18204.0,0
18205.0,1
18209.0,1
18210.0,1
18211.0,1
18212.0,0
18213.0,0
18215.0,0
18216.0,1
18217.0,1
18218.0,0
18219.0,1
18220.0,0
18221.0,1
18222.0,0
18223.0,1
18224.0,0
18225.0,1
18226.0,1
18227.0,0
18228.0,1
18229.0,1
18230.0,1
18231.0,0
18232.0,0
18233.0,0
18235.0,0
18236.0,1
18237.0,1
18239.0,0
18240.0,1
18241.0,1
18242.0,0
18245.0,1
18246.0,1
18248.0,0
18249.0,1
18250.0,0
18251.0,0
18252.0,0
18255.0,0
18257.0,1
18259.0,1
18260.0,0
18261.0,0
18262.0,0
18263.0,1
18265.0,0
18268.0,0
18270.0,1
18272.0,1
18273.0,1
18274.0,1
18276.0,1
18277.0,0
18278.0,0
18280.0,0
18281.0,0
18282.0,1
18283.0,1
18287.0,1
